ID,Name,Description,mimetype,size
a9e3060ff8c20a905525e265c7c565b2,EAEA0-F3F6-F66F-9B1E-0/1_gt.pdf,Glossed text of APiCS contribution 1,application/pdf,50302
9d04a82a1f7c09921234ae768910c667,EAEA0-A03D-7E7F-35AA-0/2_gt.pdf,Glossed text of APiCS contribution 2,application/pdf,71503
f1608d81249d2cba288d0f13e3923504,EAEA0-A03D-7E7F-35AA-0/2_gt.mp3,Glossed text of APiCS contribution 2,audio/mpeg,1795970
9c929b079bdfd20c8c52cdba7b6c21cf,EAEA0-FABF-475D-5CFF-0/3_gt.pdf,Glossed text of APiCS contribution 3,application/pdf,56359
167f9a571dc08df068e8bdf928535ba0,EAEA0-43D4-4263-1F01-0/4_gt.pdf,Glossed text of APiCS contribution 4,application/pdf,52792
abc88c3fae81677865ee1af01243936e,EAEA0-43D4-4263-1F01-0/4_gt.mp3,Glossed text of APiCS contribution 4,audio/mpeg,1336457
4ee37676e2635e6d008876b4e9b83cd5,EAEA0-B62A-6C0F-AAD1-0/5_gt.pdf,Glossed text of APiCS contribution 5,application/pdf,81859
1a2841d3a077dc778fbdb74cef240483,EAEA0-1DC6-28E5-C84A-0/6_gt.pdf,Glossed text of APiCS contribution 6,application/pdf,47658
415f142437fdcb2a7acd95079f5d7645,EAEA0-1DC6-28E5-C84A-0/6_gt.mp3,Glossed text of APiCS contribution 6,audio/mpeg,90112
ecedc2df4c81b72e09046b75daac6a87,EAEA0-7756-600B-3E45-0/7_gt.pdf,Glossed text of APiCS contribution 7,application/pdf,89855
61b30feaa466f348f3c76e94332a993b,EAEA0-7756-600B-3E45-0/7_gt.mp3,Glossed text of APiCS contribution 7,audio/mpeg,4053158
a95b0e4acb31f5bfb529e11d1eb5100c,EAEA0-3A35-3650-07D6-0/8_gt.pdf,Glossed text of APiCS contribution 8,application/pdf,75333
9e2a9fd252b993e1d7f04841bab834a5,EAEA0-3A35-3650-07D6-0/8_gt.mp3,Glossed text of APiCS contribution 8,audio/mpeg,5363494
f2088aebbd63074fcd402c600215cb66,EAEA0-592B-5B36-0AD5-0/9_gt.pdf,Glossed text of APiCS contribution 9,application/pdf,60430
3081dc1f5d3643cc21913e3d96342fcb,EAEA0-DD53-3548-FE55-0/10_gt.pdf,Glossed text of APiCS contribution 10,application/pdf,65351
4a8d010ca97f673e3e448a8e380f12b4,EAEA0-6069-7C12-765E-0/11_gt.pdf,Glossed text of APiCS contribution 11,application/pdf,52165
09609ad2f0e0b6a36c5b33bfb571eba3,EAEA0-6069-7C12-765E-0/11_gt.mp3,Glossed text of APiCS contribution 11,audio/mpeg,560516
1ef51a42c91d0ec24f22a82c78f9b032,EAEA0-CA7F-4AD9-4D30-0/12_gt.pdf,Glossed text of APiCS contribution 12,application/pdf,84895
d863a469ceb3a64051ef8df649033f36,EAEA0-CA7F-4AD9-4D30-0/12_gt.mp3,Glossed text of APiCS contribution 12,audio/mpeg,1678766
287b403d219a8018158d142b4ca15f82,EAEA0-FE27-4ED1-3332-0/13_gt.pdf,Glossed text of APiCS contribution 13,application/pdf,68430
8578b06e6b040ebca1ce16ef3d6fa5b7,EAEA0-FE27-4ED1-3332-0/13_gt.mp3,Glossed text of APiCS contribution 13,audio/mpeg,505330
8adb7e052e5eb48b085aa34e369eed31,EAEA0-2BEF-BCCD-AEF5-0/14_gt.pdf,Glossed text of APiCS contribution 14,application/pdf,53700
701de2bdf1dd5172dec9200325ad7432,EAEA0-2BEF-BCCD-AEF5-0/14_gt.mp3,Glossed text of APiCS contribution 14,audio/mpeg,1893733
bde0751ab1b19d0a491362c1f01222bc,EAEA0-0D65-917F-6395-0/15_gt.pdf,Glossed text of APiCS contribution 15,application/pdf,73915
b1df1e6f245e7dfc8f8f5611c3d4bdd4,EAEA0-0D65-917F-6395-0/15_gt.mp3,Glossed text of APiCS contribution 15,audio/mpeg,2269962
865abf00f94869a7fb5c182b5671df73,EAEA0-CA39-12B4-3C15-0/16_gt.pdf,Glossed text of APiCS contribution 16,application/pdf,65563
c195595f41d92ce7263f0b00ab2f875c,EAEA0-CA39-12B4-3C15-0/16_gt.mp3,Glossed text of APiCS contribution 16,audio/mpeg,955502
64f6c14f326ed250e874b652d9d90120,EAEA0-2E17-9925-8EC9-0/17_gt.pdf,Glossed text of APiCS contribution 17,application/pdf,47286
26d95798abc97cb346c3022122f7850b,EAEA0-2E17-9925-8EC9-0/17_gt.mp3,Glossed text of APiCS contribution 17,audio/mpeg,728326
d01c68a56941c1e26851399da2944f9d,EAEA0-FA0D-34A4-432A-0/18_gt.pdf,Glossed text of APiCS contribution 18,application/pdf,54715
f287a7dac36861dc0ecbb44954d8045b,EAEA0-FA0D-34A4-432A-0/18_gt.mp3,Glossed text of APiCS contribution 18,audio/mpeg,2455543
60003bffaaab4d7cdddfd075a1698c10,EAEA0-41D7-B3F4-A080-0/19_gt.pdf,Glossed text of APiCS contribution 19,application/pdf,71051
8818c8f5d038c5e5e79ab7ae78cd0762,EAEA0-41D7-B3F4-A080-0/19_gt.mp3,Glossed text of APiCS contribution 19,audio/mpeg,806454
ebd89b3fd1ad12b9e1b9a9797cc7819f,EAEA0-6100-139B-1AAD-0/20_gt.pdf,Glossed text of APiCS contribution 20,application/pdf,62792
c55c6a9fc8a287c8cbb0e008961d0181,EAEA0-4CA6-8542-A148-0/22_gt.pdf,Glossed text of APiCS contribution 22,application/pdf,53957
31c1d42e6fa2bf668f11220cfc127535,EAEA0-4CA6-8542-A148-0/22_gt.mp3,Glossed text of APiCS contribution 22,audio/mpeg,1347648
5cc95b4c0f71f93797dcd8da13991859,EAEA0-82AD-E503-DB1A-0/23_gt.pdf,Glossed text of APiCS contribution 23,application/pdf,57073
aba41214d59e1aa7caa5412d79cac42c,EAEA0-82AD-E503-DB1A-0/23_gt.mp3,Glossed text of APiCS contribution 23,audio/mpeg,262
5696803bb620dc8feed5883921105317,EAEA0-B214-2D4B-7ABF-0/24_gt.pdf,Glossed text of APiCS contribution 24,application/pdf,46303
46fc7fe4694b9901259a4a521f05de6b,EAEA0-2D91-916D-CC5D-0/25_gt.pdf,Glossed text of APiCS contribution 25,application/pdf,73233
916f82cdddfaf0abebd82ce0992d5d03,EAEA0-2D91-916D-CC5D-0/25_gt.mp3,Glossed text of APiCS contribution 25,audio/mpeg,495314
2cf95567615e06407aef4673c70082eb,EAEA0-7B89-0EA2-EB8A-0/26_gt.pdf,Glossed text of APiCS contribution 26,application/pdf,91822
ddd30b07c53f3cbee093a1076b2946ba,EAEA0-7B89-0EA2-EB8A-0/26_gt.mp3,Glossed text of APiCS contribution 26,audio/mpeg,1782594
7bd8a8832eb551fdda01866331f1ecb7,EAEA0-B6DD-0D82-8C5F-0/27_gt.pdf,Glossed text of APiCS contribution 27,application/pdf,91012
6019898f53deb5306df8e2edd2133161,EAEA0-3220-83D9-1D4C-0/28_gt.pdf,Glossed text of APiCS contribution 28,application/pdf,76676
2e1371cdcbfdb061f1cdd992d02c2320,EAEA0-5904-B53C-DD7D-0/29_gt.pdf,Glossed text of APiCS contribution 29,application/pdf,88514
a9cddf80c59f8c8fce17af20d19a4d64,EAEA0-A634-85C0-2D7B-0/30_gt.pdf,Glossed text of APiCS contribution 30,application/pdf,51308
1042467d532489dad95fd0ddcce6132a,EAEA0-A634-85C0-2D7B-0/30_gt.mp3,Glossed text of APiCS contribution 30,audio/mpeg,2754384
193eb7530ec2c512b65b08a8ac185505,EAEA0-B86B-35E9-90AF-0/31_gt.pdf,Glossed text of APiCS contribution 31,application/pdf,56029
b735950253d8a9122f9c179e1d99ba28,EAEA0-CF1D-BC9D-57F5-0/32_gt.pdf,Glossed text of APiCS contribution 32,application/pdf,85220
6b217e243404ea5d3413f81ec7fddf12,EAEA0-CF1D-BC9D-57F5-0/32_gt.mp3,Glossed text of APiCS contribution 32,audio/mpeg,3469152
164fab2711665b1945ab30d6d6c42154,EAEA0-65AB-ED2B-0A34-0/33_gt.pdf,Glossed text of APiCS contribution 33,application/pdf,67964
04635ae44a6cc741a98f48e203c29bf1,EAEA0-65AB-ED2B-0A34-0/33_gt.mp3,Glossed text of APiCS contribution 33,audio/mpeg,4655053
b643f4098406d134275e1db756ef539c,EAEA0-43FC-F459-7F28-0/34_gt.pdf,Glossed text of APiCS contribution 34,application/pdf,73394
0b9cec0ad8b740f465311e7bbef1110b,EAEA0-43FC-F459-7F28-0/34_gt.mp3,Glossed text of APiCS contribution 34,audio/mpeg,3881829
683604df20a712336edcc2b4758a5813,EAEA0-7D6D-0953-8485-0/35_gt.pdf,Glossed text of APiCS contribution 35,application/pdf,57313
2cd43e48e024fe75f2d25df7c5cc2a23,EAEA0-7D6D-0953-8485-0/35_gt.mp3,Glossed text of APiCS contribution 35,audio/mpeg,1602906
bbd6d16d760a998eeac2f22e0f587d0d,EAEA0-657C-15B3-C77E-0/36_gt.pdf,Glossed text of APiCS contribution 36,application/pdf,60434
ba4205d223798d4318f7a34d2ca98ed3,EAEA0-657C-15B3-C77E-0/36_gt.mp3,Glossed text of APiCS contribution 36,audio/mpeg,358015
ee7c49e7b559639f9490886ff058d962,EAEA0-7128-6A3F-3A49-0/37_gt.pdf,Glossed text of APiCS contribution 37,application/pdf,59378
7ed448b285031ba8ba1e3fe0b661ec56,EAEA0-7128-6A3F-3A49-0/37_gt.mp3,Glossed text of APiCS contribution 37,audio/mpeg,337535
728941b9dee7fc42f25f9546d8767f70,EAEA0-B0B9-790D-6A4D-0/38_gt.pdf,Glossed text of APiCS contribution 38,application/pdf,52540
5732188f6293b5f5eef61920eb6fdda6,EAEA0-84F8-5EAE-67DE-0/39_gt.pdf,Glossed text of APiCS contribution 39,application/pdf,76600
828083096837058619beb973b49a8ef2,EAEA0-4559-E978-D103-0/40_gt.pdf,Glossed text of APiCS contribution 40,application/pdf,60467
dcb7444bd02560ea9b01a1a4836c747a,EAEA0-4559-E978-D103-0/40_gt.mp3,Glossed text of APiCS contribution 40,audio/mpeg,990244
ad09302c08515aaeec42d255d2b130f7,EAEA0-1CB0-06AF-55DD-0/41_gt.pdf,Glossed text of APiCS contribution 41,application/pdf,114600
dd61b6f21dbad65583ca0f529e77af2f,EAEA0-1CB0-06AF-55DD-0/41_gt.mp3,Glossed text of APiCS contribution 41,audio/mpeg,876544
1d936ce2bdbf0d85208db0b70c81cbc1,EAEA0-9B85-6443-C682-0/42_gt.pdf,Glossed text of APiCS contribution 42,application/pdf,81880
98956cd8c1ea182129069617f6cad263,EAEA0-9B85-6443-C682-0/42_gt.mp3,Glossed text of APiCS contribution 42,audio/mpeg,7322677
b1215a2cfaa4b706bc90f1cbc0559fda,EAEA0-2564-62A6-E107-0/43_gt.pdf,Glossed text of APiCS contribution 43,application/pdf,65461
55251c2cdda72185e1c038e2d003885f,EAEA0-5011-D4D4-6699-0/44_gt.pdf,Glossed text of APiCS contribution 44,application/pdf,59198
aee968fa316055e3d028b2cb8bd66b03,EAEA0-5011-D4D4-6699-0/44_gt.mp3,Glossed text of APiCS contribution 44,audio/mpeg,866873
6a6fc5cc098d974239d1970c2f95dc1c,EAEA0-2476-7C34-DC94-0/45_gt.pdf,Glossed text of APiCS contribution 45,application/pdf,65282
00347852fef07d57f000d9a358be8a91,EAEA0-2476-7C34-DC94-0/45_gt.mp3,Glossed text of APiCS contribution 45,audio/mpeg,1439477
5791e2fcba4e61d82133fd415b0d7a4a,EAEA0-B284-E744-3BCE-0/46_gt.pdf,Glossed text of APiCS contribution 46,application/pdf,68303
31f015b04b24eb50b8193df15891ee31,EAEA0-B284-E744-3BCE-0/46_gt.mp3,Glossed text of APiCS contribution 46,audio/mpeg,673815
1bf256dfa35398dea3287cb729cd191a,EAEA0-C405-C636-A55E-0/47_gt.pdf,Glossed text of APiCS contribution 47,application/pdf,89990
d3ad47985c7212be291a8c846951de44,EAEA0-C405-C636-A55E-0/47_gt.mp3,Glossed text of APiCS contribution 47,audio/mpeg,2987541
522e827d60c8e54e5eb638b1631d2a42,EAEA0-5738-22E4-18BC-0/48_gt.mp3,Glossed text of APiCS contribution 48,audio/mpeg,607712
35645cf136ea3143cdf1a3407fddbb7d,EAEA0-5738-22E4-18BC-0/48_gt.pdf,Glossed text of APiCS contribution 48,application/pdf,73699
d987f3adb5d9dace57795fbeec753d39,EAEA0-0922-9845-D14C-0/49_gt.pdf,Glossed text of APiCS contribution 49,application/pdf,61499
efbfc64fd4bb921b60f8376050911925,EAEA0-0922-9845-D14C-0/49_gt.mp3,Glossed text of APiCS contribution 49,audio/mpeg,688829
43229cc962ce15a302a3583103c7c9c8,EAEA0-AC40-B4D9-633B-0/50_gt.pdf,Glossed text of APiCS contribution 50,application/pdf,88990
dcf729c5d86266bcd47cce22638ece68,EAEA0-AC40-B4D9-633B-0/50_gt.mp3,Glossed text of APiCS contribution 50,audio/mpeg,3139951
ef47f1c02b1b1a2d46857109b27dec5f,EAEA0-182A-829B-1381-0/52_gt.pdf,Glossed text of APiCS contribution 52,application/pdf,58753
aad1d5015188363d1bd7b12bc4638c7f,EAEA0-182A-829B-1381-0/52_gt.mp3,Glossed text of APiCS contribution 52,audio/mpeg,1900669
e852cf302096bc50f7e557cac1ac3ae5,EAEA0-9940-68D9-20C5-0/53_gt.pdf,Glossed text of APiCS contribution 53,application/pdf,86450
57f3f07c83fe193ac048c83bbc1e28dc,EAEA0-9940-68D9-20C5-0/53_gt.mp3,Glossed text of APiCS contribution 53,audio/mpeg,2166531
b4a951fe3e99591241051442bd1874b9,EAEA0-77CF-4F39-D254-0/54_gt.pdf,Glossed text of APiCS contribution 54,application/pdf,60138
191493f3507ebda9a9631cb88e7681ef,EAEA0-7BA9-1923-57AC-0/55_gt.pdf,Glossed text of APiCS contribution 55,application/pdf,62892
6cba12ed271bad4311fb14ad04ba3efe,EAEA0-7BA9-1923-57AC-0/55_gt.mp3,Glossed text of APiCS contribution 55,audio/mpeg,2023424
2cfd7f12d5d612ad7846ae0152b3c179,EAEA0-20F6-BE49-D7F7-0/56_gt.pdf,Glossed text of APiCS contribution 56,application/pdf,73673
f4ec9878172eca0c078dc700c999d4be,EAEA0-20F6-BE49-D7F7-0/56_gt.mp3,Glossed text of APiCS contribution 56,audio/mpeg,532480
1519d5c7b29fe398a6076ad9b8b975dc,EAEA0-6FF4-72F0-207E-0/57_gt.pdf,Glossed text of APiCS contribution 57,application/pdf,65621
98af58cde616fc1609c5823e9cc7382a,EAEA0-6442-67EF-C9AD-0/58_gt.pdf,Glossed text of APiCS contribution 58,application/pdf,76900
e99e268b9668829a8cbe6ce80347bfb1,EAEA0-7E04-F1F2-A42D-0/59_gt.pdf,Glossed text of APiCS contribution 59,application/pdf,110697
312248210d365402f85144414e1ea089,EAEA0-7E04-F1F2-A42D-0/59_gt.mp3,Glossed text of APiCS contribution 59,audio/mpeg,2506752
becc65d1e62a96a946987397459ab92c,EAEA0-5916-5CA3-28EB-0/60_gt.pdf,Glossed text of APiCS contribution 60,application/pdf,64477
b1127d0da1b0f48feb86005b3e97a440,EAEA0-5916-5CA3-28EB-0/60_gt.mp3,Glossed text of APiCS contribution 60,audio/mpeg,290305
30966766d294dea5385821cb96225509,EAEA0-FDC4-0F6B-1CAC-0/61_gt.pdf,Glossed text of APiCS contribution 61,application/pdf,65673
c0e9c0e76948a383f427b1ef20bb9aac,EAEA0-FDC4-0F6B-1CAC-0/61_gt.mp3,Glossed text of APiCS contribution 61,audio/mpeg,1622016
2a536d1703b7418e0efde52240982c40,EAEA0-8D7B-BDCF-3D0D-0/62_gt.mp3,Glossed text of APiCS contribution 62,audio/mpeg,5270498
1ec6a861ff5d8e1a2f789fd2f21f36f4,EAEA0-8D7B-BDCF-3D0D-0/62_gt.pdf,Glossed text of APiCS contribution 62,application/pdf,72985
f2aa343217d31445fd9f46402c031b7f,EAEA0-3311-EE23-CF86-0/63_gt.pdf,Glossed text of APiCS contribution 63,application/pdf,60698
184443fbe6d10c2d9c04e41ed4f19e43,EAEA0-D8F6-D4CC-2801-0/64_gt.pdf,Glossed text of APiCS contribution 64,application/pdf,51581
232d470795f99cf4a695fdcd7f6b9d47,EAEA0-D8F6-D4CC-2801-0/64_gt.mp3,Glossed text of APiCS contribution 64,audio/mpeg,568503
3d62f1251e9be998e50316a0787d314d,EAEA0-4A02-6FED-6382-0/65_gt.pdf,Glossed text of APiCS contribution 65,application/pdf,51883
2e0da7e19e90f8c7bbccf805ede303f5,EAEA0-4011-EE5E-B117-0/66_gt.pdf,Glossed text of APiCS contribution 66,application/pdf,66891
7fcce31fa082e63f55f2fe2c74e137ab,EAEA0-4011-EE5E-B117-0/66_gt.mp3,Glossed text of APiCS contribution 66,audio/mpeg,1079520
c401292ba9441f90556437f937d7787e,EAEA0-889F-F835-01FD-0/67_gt.pdf,Glossed text of APiCS contribution 67,application/pdf,63398
f7d4227b47357c64ddefc18232e4d2fe,EAEA0-889F-F835-01FD-0/67_gt.mp3,Glossed text of APiCS contribution 67,audio/mpeg,4182938
b5b5a41dca0b5021341cc3bcfa474f34,EAEA0-C3AE-FDFE-AAC6-0/68_gt.pdf,Glossed text of APiCS contribution 68,application/pdf,96667
7005354ea199bea9818880be79fd1e62,EAEA0-FCF3-869A-7E01-0/69_gt.pdf,Glossed text of APiCS contribution 69,application/pdf,71956
477fd5ed8da57be9590da6ab1fbbede1,EAEA0-FCF3-869A-7E01-0/69_gt.mp3,Glossed text of APiCS contribution 69,audio/mpeg,3507804
b620290d51eb654bb345516b1bee1d29,EAEA0-3485-19DA-53C7-0/70_gt.pdf,Glossed text of APiCS contribution 70,application/pdf,57141
56e379fd7bf8304798310c069d9f3922,EAEA0-3485-19DA-53C7-0/70_gt.mp3,Glossed text of APiCS contribution 70,audio/mpeg,2529731
ccbcfe99c80ccaaf648e06b15d031685,EAEA0-F355-EBC4-708C-0/71_gt.pdf,Glossed text of APiCS contribution 71,application/pdf,57903
6cdd6dcb408b34f60695a37829e67a01,EAEA0-5321-76EF-C623-0/72_gt.pdf,Glossed text of APiCS contribution 72,application/pdf,76643
d3ad82b8226870699cd072d6d518135c,EAEA0-5321-76EF-C623-0/72_gt.mp3,Glossed text of APiCS contribution 72,audio/mpeg,1012539
712865f7bfd9d18d7fdbcf1096a049c5,EAEA0-E90B-E0A5-D843-0/73_gt.pdf,Glossed text of APiCS contribution 73,application/pdf,58316
2f50f4f058dce266bad87220c22fdb7c,EAEA0-8008-C65A-ED25-0/74_gt.pdf,Glossed text of APiCS contribution 74,application/pdf,66921
873a4e148444b5c3e0aa9ec0f5cc59ff,EAEA0-8008-C65A-ED25-0/74_gt.mp3,Glossed text of APiCS contribution 74,audio/mpeg,3359380
3543cb7abf629c23b5441ce1064f2f1e,EAEA0-F017-65B4-5BF1-0/75_gt.pdf,Glossed text of APiCS contribution 75,application/pdf,66334
d2d0e9af27c9606115ff0f23eef0e40a,EAEA0-F017-65B4-5BF1-0/75_gt.mp3,Glossed text of APiCS contribution 75,audio/mpeg,2740093
1eb1ffda043dd1f60ab8d56d9d0e6d95,EAEA0-16B0-33CB-9534-0/76_gt.pdf,Glossed text of APiCS contribution 76,application/pdf,55660
100d93e3979d1c185744133c5e5cbd03,EAEA0-A141-45A0-BA9C-0/APiCS_f_0.pdf,feature map in Gall-Peters projection,application/pdf,687741
1cbe1c9000e6c4f88dea85d24621072c,EAEA0-32D0-3180-74A3-0/APiCS_f_1.pdf,feature map in Gall-Peters projection,application/pdf,1021149
b3b366e85c7cfa6e505423a580d4db8d,EAEA0-2900-918B-5020-0/APiCS_f_s_10.pdf,feature map in Gall-Peters projection,application/pdf,563580
07a3c78e1626b0f4104eeafd4062a6c0,EAEA0-6C98-9723-73A9-0/APiCS_f_100.pdf,feature map in Gall-Peters projection,application/pdf,1015834
d2588b959d2e31dd38ca1994e5af2576,EAEA0-A264-A054-FB7C-0/APiCS_f_101.pdf,feature map in Gall-Peters projection,application/pdf,692491
f3656c67a695350d60189b2c78eb2b43,EAEA0-7408-B0E4-0FA8-0/APiCS_f_102.pdf,feature map in Gall-Peters projection,application/pdf,966592
dac7c040cc13dbc6faff1f776cbe0a39,EAEA0-0A09-DAE4-0D83-0/APiCS_f_103.pdf,feature map in Gall-Peters projection,application/pdf,1386716
1146d83f3880ad475a28fe35ddbff0ac,EAEA0-4744-B146-76F0-0/APiCS_f_104.pdf,feature map in Gall-Peters projection,application/pdf,713202
d560e12726a706c38d5f011937650c59,EAEA0-6249-7880-F3C7-0/APiCS_f_105.pdf,feature map in Gall-Peters projection,application/pdf,685426
f29e2a08428e8830be0452c04b10d7c8,EAEA0-0847-DA76-B7BF-0/APiCS_f_106.pdf,feature map in Gall-Peters projection,application/pdf,714517
e64f884d1b6b21578ad30b3425249aaf,EAEA0-4AC3-E3B7-3FDA-0/APiCS_f_107.pdf,feature map in Gall-Peters projection,application/pdf,685505
fe0d4f8e7660348e221f572b98561885,EAEA0-BA04-EFBC-9D57-0/APiCS_f_108.pdf,feature map in Gall-Peters projection,application/pdf,985590
7f368e40f23dfa0d81274c4dac94fb7d,EAEA0-C6C6-987B-8B1F-0/APiCS_f_109.pdf,feature map in Gall-Peters projection,application/pdf,685623
a75dd4a836cbfdf5697781e37760aba9,EAEA0-C308-2F74-83E9-0/APiCS_f_11.pdf,feature map in Gall-Peters projection,application/pdf,735048
82ef39609fe0dc9a3c62a24c84d0f0af,EAEA0-FDA5-24FB-1732-0/APiCS_f_110.pdf,feature map in Gall-Peters projection,application/pdf,685622
57c23eed27ab1da2bc1fd93af418ff6c,EAEA0-B693-A37F-8922-0/APiCS_f_111.pdf,feature map in Gall-Peters projection,application/pdf,697747
188cdfae07b5a02bc43712a6bceeaa10,EAEA0-DE7F-E0B6-39DB-0/APiCS_f_112.pdf,feature map in Gall-Peters projection,application/pdf,1247773
d05dd955055bcfa95f351bcf6ff31ca2,EAEA0-1CCE-58CF-8C32-0/APiCS_f_113.pdf,feature map in Gall-Peters projection,application/pdf,685239
c466d445f737398580749da253d5afcc,EAEA0-EFB0-431D-046D-0/APiCS_f_114.pdf,feature map in Gall-Peters projection,application/pdf,685378
855edaaca34d467438b69deda87df67b,EAEA0-EBE8-32FA-4F43-0/APiCS_f_115.pdf,feature map in Gall-Peters projection,application/pdf,685638
5fad2749421805ca88bc7cc5884359ed,EAEA0-49B0-AE38-E311-0/APiCS_f_116.pdf,feature map in Gall-Peters projection,application/pdf,685532
5134d26a3915eb21b7fa55f8017a90ca,EAEA0-1E1D-563C-4739-0/APiCS_f_117.pdf,feature map in Gall-Peters projection,application/pdf,692432
9fd33bed1195aca6d41ba11e5d796bf4,EAEA0-B00B-277A-F880-0/APiCS_f_118.pdf,feature map in Gall-Peters projection,application/pdf,685766
8e6248abedd2f7ef9ef796a2ced12204,EAEA0-E737-9FDD-E010-0/APiCS_f_119.pdf,feature map in Gall-Peters projection,application/pdf,685738
69ebac115639708d56f6eaa87b2dc297,EAEA0-95BF-9C34-671B-0/APiCS_f_12.pdf,feature map in Gall-Peters projection,application/pdf,1025176
adaee18aad8a6d97f33d7c4bb439fd59,EAEA0-DB5D-727F-E16E-0/APiCS_f_120.pdf,feature map in Gall-Peters projection,application/pdf,1118782
82fb496c32100107134ed0c8d41b8ee2,EAEA0-08E7-17C1-BE8A-0/APiCS_f_s_121.pdf,feature map in Gall-Peters projection,application/pdf,579650
213629e9898c6ef920761b2aa79ab3e6,EAEA0-9FEC-8676-D306-0/APiCS_f_s_122.pdf,feature map in Gall-Peters projection,application/pdf,579793
bb5cfe2131e2e25503c13034786c8d8e,EAEA0-1B9F-4E92-AB8A-0/APiCS_f_s_123.pdf,feature map in Gall-Peters projection,application/pdf,570336
fef33f164952cba747f508c50339402e,EAEA0-337A-7873-9712-0/APiCS_f_s_124.pdf,feature map in Gall-Peters projection,application/pdf,579808
c3fc299b9441eee521a1b7ed3531d051,EAEA0-BBA0-C889-5B91-0/APiCS_f_s_125.pdf,feature map in Gall-Peters projection,application/pdf,579751
e1cbf6e7c6569e3ee8ad490f03b19a91,EAEA0-5BF0-F6F4-3392-0/APiCS_f_s_126.pdf,feature map in Gall-Peters projection,application/pdf,579702
5501f849d4a4ef7195d4abce2bf4622d,EAEA0-E48B-3F0F-D81C-0/APiCS_f_s_127.pdf,feature map in Gall-Peters projection,application/pdf,563187
22636d861622a5f8ee096441d12a5b57,EAEA0-858C-56B8-D5C0-0/APiCS_f_s_128.pdf,feature map in Gall-Peters projection,application/pdf,579705
3347ea887c140c90c1ca71f1f44ecc30,EAEA0-2FE5-1075-DE62-0/APiCS_f_s_129.pdf,feature map in Gall-Peters projection,application/pdf,579507
e379e2992864ea555445d415c1c7e4a6,EAEA0-13A3-1500-0F55-0/APiCS_f_13.pdf,feature map in Gall-Peters projection,application/pdf,967255
91c89fcfa1d70821c4ebfd93faa95b3c,EAEA0-F1C2-3791-0928-0/APiCS_f_s_130.pdf,feature map in Gall-Peters projection,application/pdf,579712
4086c35c40b322e8a2db1895ce7d2351,EAEA0-6059-D054-F89D-0/APiCS_f_14.pdf,feature map in Gall-Peters projection,application/pdf,685606
8fb0e5c31578f3761b851219eb92bc93,EAEA0-80C6-85FE-52AF-0/APiCS_f_s_15.pdf,feature map in Gall-Peters projection,application/pdf,570113
083acbccc5b7d8428d01db42617c455b,EAEA0-369B-89F9-EE63-0/APiCS_f_16.pdf,feature map in Gall-Peters projection,application/pdf,685658
6935a6d8552b43e156a598521565851f,EAEA0-40B0-3B75-9FCA-0/APiCS_f_17.pdf,feature map in Gall-Peters projection,application/pdf,685750
fd6821c435b0c8a6d8829c9a882e91f2,EAEA0-F5B1-37AB-B895-0/APiCS_f_18.pdf,feature map in Gall-Peters projection,application/pdf,957774
3f5c8bc35eb55266cd6aef97d2a468f4,EAEA0-403F-2F9B-361A-0/APiCS_f_19.pdf,feature map in Gall-Peters projection,application/pdf,685805
b3dc0ab56d33ff4c6a47b8ec6e2a17fa,EAEA0-9C8F-6F59-79F3-0/APiCS_f_2.pdf,feature map in Gall-Peters projection,application/pdf,1031465
33077f3f771a249545a5afbafc7e3c04,EAEA0-1F40-5763-17BB-0/APiCS_f_20.pdf,feature map in Gall-Peters projection,application/pdf,695250
89b05d96031d04272b4b79d5e93933f7,EAEA0-C6BB-94E8-C504-0/APiCS_f_21.pdf,feature map in Gall-Peters projection,application/pdf,973687
02fc22369a7c5abb6aa1fdc2eb2127aa,EAEA0-C411-0953-2630-0/APiCS_f_22.pdf,feature map in Gall-Peters projection,application/pdf,960142
282bb4427b20c062569c6b18d5ef0cd3,EAEA0-7047-A277-ADB2-0/APiCS_f_23.pdf,feature map in Gall-Peters projection,application/pdf,1138149
bd138d61a230d78b0741cbddf5fb4132,EAEA0-0B1B-5EA8-0F1F-0/APiCS_f_24.pdf,feature map in Gall-Peters projection,application/pdf,685555
2f04a2df2d5ee1d8a5d6c279966b64c8,EAEA0-836D-CD48-5440-0/APiCS_f_25.pdf,feature map in Gall-Peters projection,application/pdf,685877
40906b8cc22cefe0313552d483ca9eae,EAEA0-C0DD-A765-1C89-0/APiCS_f_26.pdf,feature map in Gall-Peters projection,application/pdf,685928
02b186885f789b2d2b499902dcf92dd1,EAEA0-D5BE-63EC-8F75-0/APiCS_f_s_27.pdf,feature map in Gall-Peters projection,application/pdf,575320
6425040c8d28677ebade63c229314ef5,EAEA0-DADB-46FC-BE46-0/APiCS_f_28.pdf,feature map in Gall-Peters projection,application/pdf,974529
20b38ffc8b2d0b87246e40f338a0d412,EAEA0-CA48-012F-51F7-0/APiCS_f_29.pdf,feature map in Gall-Peters projection,application/pdf,972683
da1138fb05027015c5176b6967617b8d,EAEA0-41EC-7A1A-3FCF-0/APiCS_f_3.pdf,feature map in Gall-Peters projection,application/pdf,1041492
35c5e80e958d443f8034074609bb607b,EAEA0-2C60-BB08-C1E4-0/APiCS_f_30.pdf,feature map in Gall-Peters projection,application/pdf,712345
8b1d185fa131b9a1d057b0dd2096dc19,EAEA0-612F-8FFA-6DB7-0/APiCS_f_31.pdf,feature map in Gall-Peters projection,application/pdf,693071
958735f2eb05de34cb80d856f57e65b1,EAEA0-A50C-2796-FDD9-0/APiCS_f_32.pdf,feature map in Gall-Peters projection,application/pdf,957754
20e94d4032311652628c3d497dc22e3f,EAEA0-64DC-CE52-A5C1-0/APiCS_f_33.pdf,feature map in Gall-Peters projection,application/pdf,959619
7d316d1533c8bd3d5251ac31fb52ad9f,EAEA0-4909-7947-7EBF-0/APiCS_f_34.pdf,feature map in Gall-Peters projection,application/pdf,954132
ac6b6249125808b5e6ed73d58a8f035a,EAEA0-B3E7-243E-90AC-0/APiCS_f_35.pdf,feature map in Gall-Peters projection,application/pdf,974229
4e4758585a4cb5a54df2cf6f50641603,EAEA0-2743-79AA-7095-0/APiCS_f_s_36.pdf,feature map in Gall-Peters projection,application/pdf,553216
9355df16eaf2d7af41c26c638192843e,EAEA0-2CCE-A67A-98C4-0/APiCS_f_37.pdf,feature map in Gall-Peters projection,application/pdf,723273
f58f8eae88d7bd8e5e32f698f7640414,EAEA0-2F99-3D2C-2AE1-0/APiCS_f_38.pdf,feature map in Gall-Peters projection,application/pdf,992066
b09089e4b181414f03e6b3d2beff23e2,EAEA0-176F-FB7B-D8D6-0/APiCS_f_39.pdf,feature map in Gall-Peters projection,application/pdf,696210
52fa7df9a643b33cd387985bea631a19,EAEA0-5F98-BF94-18FB-0/APiCS_f_4.pdf,feature map in Gall-Peters projection,application/pdf,1012041
4d6c246284bf695f89b2f69e41c77a5a,EAEA0-7835-2964-0F3E-0/APiCS_f_40.pdf,feature map in Gall-Peters projection,application/pdf,685707
dfafe84fc33e5b16c6739a0b599cf3b3,EAEA0-40F3-254E-C5FF-0/APiCS_f_41.pdf,feature map in Gall-Peters projection,application/pdf,710669
926ee5bb77bfd9eba1225c7e23dd4382,EAEA0-1EC9-D11E-C515-0/APiCS_f_42.pdf,feature map in Gall-Peters projection,application/pdf,1067327
88279b155c7e6fcf91493aa2c536ba8b,EAEA0-4752-A371-5CE2-0/APiCS_f_43.pdf,feature map in Gall-Peters projection,application/pdf,726974
1fe25932599eb7f4aeda67b1e7fa57f2,EAEA0-57CA-69D4-694C-0/APiCS_f_44.pdf,feature map in Gall-Peters projection,application/pdf,687029
94afb3b82c32abd09f4a3baa1ff3c6fc,EAEA0-43E2-A11E-B5EA-0/APiCS_f_45.pdf,feature map in Gall-Peters projection,application/pdf,686106
2f188e99edb0c83ac6d67cf7fa4a8ab8,EAEA0-FC86-13FF-D850-0/APiCS_f_46.pdf,feature map in Gall-Peters projection,application/pdf,685933
4693e3cc37e576ae08f33e2a1c3be720,EAEA0-3D4A-1FB3-4485-0/APiCS_f_47.pdf,feature map in Gall-Peters projection,application/pdf,686997
1f81031864cd925b98a79238bf0b77bb,EAEA0-5266-C2D4-A945-0/APiCS_f_48.pdf,feature map in Gall-Peters projection,application/pdf,700211
b04a821d17d906cff14833eafc71d550,EAEA0-2977-F4E7-654F-0/APiCS_f_49.pdf,feature map in Gall-Peters projection,application/pdf,685721
296c72149854a9fc180b78bb6d7ba815,EAEA0-A37F-EC51-3817-0/APiCS_f_5.pdf,feature map in Gall-Peters projection,application/pdf,1021568
2802f4b575bef4dd4f5955e4acb8e9d6,EAEA0-19E5-447B-4845-0/APiCS_f_50.pdf,feature map in Gall-Peters projection,application/pdf,685551
20dcb2f6bd7eeed6ef91924883bc413a,EAEA0-B82E-071B-1451-0/APiCS_f_51.pdf,feature map in Gall-Peters projection,application/pdf,685681
dd0e870e0f9887d54dd18f41683c139a,EAEA0-5C04-48CD-124B-0/APiCS_f_52.pdf,feature map in Gall-Peters projection,application/pdf,685807
40becf880279bd646a2beda99bf0cf88,EAEA0-BE97-14C5-4368-0/APiCS_f_53.pdf,feature map in Gall-Peters projection,application/pdf,684952
92a7c10bb95dc26878e27af506d8df8f,EAEA0-EC76-DC91-7F12-0/APiCS_f_54.pdf,feature map in Gall-Peters projection,application/pdf,989794
5eaebdceca50b82a0f31578a318f5a70,EAEA0-4C39-A471-3180-0/APiCS_f_55.pdf,feature map in Gall-Peters projection,application/pdf,685677
806225816eea97779f9f496227d22946,EAEA0-E3A4-55BF-B5B3-0/APiCS_f_56.pdf,feature map in Gall-Peters projection,application/pdf,980745
eb24ca24436a3300b40b828e04bb3cf3,EAEA0-0FA2-584A-6C0C-0/APiCS_f_57.pdf,feature map in Gall-Peters projection,application/pdf,685815
4d4c4797d1a3e2e666f876d1d4d915f3,EAEA0-234F-C3E8-8A59-0/APiCS_f_s_58.pdf,feature map in Gall-Peters projection,application/pdf,553297
9937432f147b91a4388456d9cd6e59fb,EAEA0-8BC6-6C8E-8826-0/APiCS_f_59.pdf,feature map in Gall-Peters projection,application/pdf,954170
4da39e5f2f51e8d2388ca875baccb655,EAEA0-F8A1-9173-A91A-0/APiCS_f_6.pdf,feature map in Gall-Peters projection,application/pdf,1008126
671b9b0d3ac8f5420003773520d7ca70,EAEA0-0ACB-37AC-7DC5-0/APiCS_f_60.pdf,feature map in Gall-Peters projection,application/pdf,992581
2d5f543a13e2d4270a3ca41455edbe68,EAEA0-3377-3780-2D41-0/APiCS_f_61.pdf,feature map in Gall-Peters projection,application/pdf,728634
0906b909b2c1acb87622b5774256ad25,EAEA0-DC1B-22A1-2D3A-0/APiCS_f_62.pdf,feature map in Gall-Peters projection,application/pdf,983644
4975c796e718202fcd449f1223c7760e,EAEA0-221C-929E-A7F8-0/APiCS_f_63.pdf,feature map in Gall-Peters projection,application/pdf,692488
46672f3df3e3e2daa23d57711464a822,EAEA0-C906-6D1E-6F35-0/APiCS_f_64.pdf,feature map in Gall-Peters projection,application/pdf,704197
69c4298d5f88d25fb7c9372bebb69645,EAEA0-D494-C457-5BC1-0/APiCS_f_65.pdf,feature map in Gall-Peters projection,application/pdf,703640
fe03079435fd3f74a8696649c5f68ff4,EAEA0-9FA4-9DB3-3FA0-0/APiCS_f_66.pdf,feature map in Gall-Peters projection,application/pdf,710210
81db2b6ce63224934a506d3a20513501,EAEA0-1DAF-313A-2712-0/APiCS_f_67.pdf,feature map in Gall-Peters projection,application/pdf,702197
a26ef2769c3ec7d23d7e9f2131395c71,EAEA0-DDC3-0CFB-8E6E-0/APiCS_f_68.pdf,feature map in Gall-Peters projection,application/pdf,713594
e7af287bda5ec5bdba4aa797fe1dfc0e,EAEA0-87EA-16C5-DDCA-0/APiCS_f_69.pdf,feature map in Gall-Peters projection,application/pdf,717594
e9ad820bf5be3a4758a0e1d2b568ca6a,EAEA0-2D91-CFE5-A6AF-0/APiCS_f_7.pdf,feature map in Gall-Peters projection,application/pdf,991162
c2f798f613bef9261d35b138497de75c,EAEA0-5701-E9F9-9D8E-0/APiCS_f_70.pdf,feature map in Gall-Peters projection,application/pdf,964755
2c68b6b49f90a6f1eb18a82048e752e2,EAEA0-5764-266E-D9F3-0/APiCS_f_71.pdf,feature map in Gall-Peters projection,application/pdf,959567
18713cf69a0e49c727714d83d8068be6,EAEA0-8522-2919-3E7C-0/APiCS_f_72.pdf,feature map in Gall-Peters projection,application/pdf,1074671
52e8c3198250724678d53698d9e07ec7,EAEA0-FA0F-9340-8939-0/APiCS_f_73.pdf,feature map in Gall-Peters projection,application/pdf,1089015
eb07237a9b7196c69d82a3c791506243,EAEA0-089A-651C-A614-0/APiCS_f_74.pdf,feature map in Gall-Peters projection,application/pdf,685726
951b42e61b347260f51320632af727c7,EAEA0-7F8E-312D-918A-0/APiCS_f_75.pdf,feature map in Gall-Peters projection,application/pdf,685746
6367e174f9ce9b0e4375746059efde90,EAEA0-93FB-DCA7-D35E-0/APiCS_f_76.pdf,feature map in Gall-Peters projection,application/pdf,1049707
2de34317e7e6409b937e6316e32b8971,EAEA0-2D59-9E85-FD78-0/APiCS_f_77.pdf,feature map in Gall-Peters projection,application/pdf,984209
22f81235eac5373276ed53a4aea36357,EAEA0-6667-CE2A-77EC-0/APiCS_f_78.pdf,feature map in Gall-Peters projection,application/pdf,685813
e4d550d2ecb3042fe6202a6603fa7bed,EAEA0-C183-0611-9DB9-0/APiCS_f_79.pdf,feature map in Gall-Peters projection,application/pdf,728519
0580d51febd2ea585d40d40baa73854e,EAEA0-EA7C-519D-B0E4-0/APiCS_f_8.pdf,feature map in Gall-Peters projection,application/pdf,1005507
203103a2a7a04ae0fe3ab01c97a685fb,EAEA0-F8BD-10CA-CB6D-0/APiCS_f_80.pdf,feature map in Gall-Peters projection,application/pdf,703780
9fe4c36bb9dedff5ca975554c8560523,EAEA0-5A53-B888-1BF6-0/APiCS_f_81.pdf,feature map in Gall-Peters projection,application/pdf,685771
86ae895b14b0ef5d3ca26473ea5adf52,EAEA0-68F4-1139-912B-0/APiCS_f_82.pdf,feature map in Gall-Peters projection,application/pdf,705348
4cf5f62d642ea6853a84bc5d91590f2e,EAEA0-606C-106F-C4C6-0/APiCS_f_83.pdf,feature map in Gall-Peters projection,application/pdf,698781
e51436ff915a472d63ce8367c0ad1aaf,EAEA0-D7C6-71AE-F80D-0/APiCS_f_84.pdf,feature map in Gall-Peters projection,application/pdf,685543
bddc4cb7d2eac52cbdda345b9173b99e,EAEA0-B7FB-DB0B-2E73-0/APiCS_f_85.pdf,feature map in Gall-Peters projection,application/pdf,722853
99c37f71d2587624995cccc09db7937b,EAEA0-4EE3-E4E8-0828-0/APiCS_f_86.pdf,feature map in Gall-Peters projection,application/pdf,685806
0f2e453ece8fe24947bebbba377044ad,EAEA0-7DB7-8206-B0D8-0/APiCS_f_87.pdf,feature map in Gall-Peters projection,application/pdf,724266
de7ff990d2552f4d4e852aca34ac84b3,EAEA0-6FFA-46B7-2D8B-0/APiCS_f_88.pdf,feature map in Gall-Peters projection,application/pdf,1020429
731b82ede19b5f34bd774e3440886c11,EAEA0-1FBE-355C-21BC-0/APiCS_f_89.pdf,feature map in Gall-Peters projection,application/pdf,1062316
d5b8afdc4f3332350b5f61ddd7a0989b,EAEA0-14C7-07D4-10D6-0/APiCS_f_9.pdf,feature map in Gall-Peters projection,application/pdf,689529
7942d5bafdfc5356e86f8d8e75b86cbb,EAEA0-0C67-D001-2251-0/APiCS_f_90.pdf,feature map in Gall-Peters projection,application/pdf,702149
7ed7e19f52451c450553995624aa5feb,EAEA0-F901-17ED-E47C-0/APiCS_f_s_91.pdf,feature map in Gall-Peters projection,application/pdf,553347
a954c5ac1a122d7d6db4cc824e742c1b,EAEA0-5896-157C-E79D-0/APiCS_f_92.pdf,feature map in Gall-Peters projection,application/pdf,1087023
7f52d112fa61b0aeb61d34851e870ed0,EAEA0-1B1F-B55B-39F5-0/APiCS_f_93.pdf,feature map in Gall-Peters projection,application/pdf,735573
35c4af1ca5efd968acdc7b5d0a08cf65,EAEA0-599F-BE5C-9A39-0/APiCS_f_94.pdf,feature map in Gall-Peters projection,application/pdf,712509
9036a1019abcfa4a44501f38b3e5f29d,EAEA0-1F56-4901-DC8D-0/APiCS_f_95.pdf,feature map in Gall-Peters projection,application/pdf,740386
bd99683ee41b9b6a8e00724b2b1b4e8c,EAEA0-9FFC-882F-6E82-0/APiCS_f_96.pdf,feature map in Gall-Peters projection,application/pdf,728516
40e41cdb99468982292942dacf9a10ab,EAEA0-9C22-110E-DC86-0/APiCS_f_97.pdf,feature map in Gall-Peters projection,application/pdf,976796
60b55fdfe2b0124f92f7b12169a45315,EAEA0-5A0E-A613-178B-0/APiCS_f_98.pdf,feature map in Gall-Peters projection,application/pdf,685728
8ab0666b47c686e4ad331344d560cff6,EAEA0-334F-D77F-0257-0/APiCS_f_s_99.pdf,feature map in Gall-Peters projection,application/pdf,570006
2c5703b34e35a1d5509c0b6805211e97,EAEA0-7F8F-F0C0-E4CC-0/72_64.mp3,Sound file of APiCS example 72-64,audio/mpeg,30695
1c0300805dda5144492a634a4fa849ae,EAEA0-C39E-63BB-8877-0/72_12.mp3,Sound file of APiCS example 72-12,audio/mpeg,92184
9cc0a0dac55c18ac3142664ae0800aac,EAEA0-5BF9-C320-B649-0/72_13.mp3,Sound file of APiCS example 72-13,audio/mpeg,74456
d93db5219b7cd69878e93f4b797ff7be,EAEA0-421A-D81B-1AB9-0/72_14.mp3,Sound file of APiCS example 72-14,audio/mpeg,59949
2e63b5db0af561878ee2752ced87ffaf,EAEA0-85FC-1568-D51E-0/72_15.mp3,Sound file of APiCS example 72-15,audio/mpeg,50245
475b4826c93f79d64c51d371b32a350e,EAEA0-9C03-1E6A-6234-0/72_16.mp3,Sound file of APiCS example 72-16,audio/mpeg,22093
525c6b09bd54d4a1fa046569e7301739,EAEA0-D4EA-7356-0377-0/72_20.mp3,Sound file of APiCS example 72-20,audio/mpeg,16851
851458f6367462c2f2412e18f915b647,EAEA0-1B59-0103-25F3-0/72_22.mp3,Sound file of APiCS example 72-22,audio/mpeg,50879
4160b6f72f2c67ba0a3f9575d6adeccb,EAEA0-84D2-7730-F42A-0/72_23.mp3,Sound file of APiCS example 72-23,audio/mpeg,50828
dd17d2b01c5200f9387d3daab7589688,EAEA0-E453-39B3-FDC8-0/72_25.mp3,Sound file of APiCS example 72-25,audio/mpeg,18910
b8da827acff8a57448f78da232ea1daf,EAEA0-B8D1-30F8-7D83-0/72_26.mp3,Sound file of APiCS example 72-26,audio/mpeg,18336
be90d9ae4b09c6bbaf0d5264a07e9cf2,EAEA0-B8FF-644C-7050-0/72_27.mp3,Sound file of APiCS example 72-27,audio/mpeg,16095
a04cf55fb9fa2734bdff44f42188262f,EAEA0-FB07-2BA6-E854-0/72_28.mp3,Sound file of APiCS example 72-28,audio/mpeg,18807
2df1cf0ca384ca0792f0d48fff5e3429,EAEA0-BC4A-1547-7599-0/72_29.mp3,Sound file of APiCS example 72-29,audio/mpeg,33252
369b99b36223fa68319b5f8d5d1f93e2,EAEA0-964D-5819-4FE9-0/72_147.mp3,Sound file of APiCS example 72-147,audio/mpeg,49155
a97c06f4ec05622bf87f62f5059c6296,EAEA0-D4A7-28A1-6B52-0/72_33.mp3,Sound file of APiCS example 72-33,audio/mpeg,12627
ad301994458ae1b387817e916f9c40d5,EAEA0-0CE7-D655-B331-0/41_38.mp3,Sound file of APiCS example 41-38,audio/mpeg,432000
eb8ba92cbf062d5b2716bc828cc33ae3,EAEA0-2044-C8B2-7DBE-0/72_34.mp3,Sound file of APiCS example 72-34,audio/mpeg,18077
ab3b2661e85c932a85ab0c8a42befc91,EAEA0-8103-A968-1BE3-0/72_35.mp3,Sound file of APiCS example 72-35,audio/mpeg,26367
5b1d7d1256ff51eb78d9e85d70b00f18,EAEA0-D472-E61A-36B3-0/72_36.mp3,Sound file of APiCS example 72-36,audio/mpeg,22456
e792acc14fe08e7a3fff09fbe54a0aaa,EAEA0-CADB-7E6C-EEA4-0/72_37.mp3,Sound file of APiCS example 72-37,audio/mpeg,25012
081ed14244ab21a754f6c5ffedd0368d,EAEA0-9F53-34DD-455D-0/72_38.mp3,Sound file of APiCS example 72-38,audio/mpeg,19281
eb89bb116201920a5977918f37f6b225,EAEA0-D5B5-C23F-4D43-0/72_41.mp3,Sound file of APiCS example 72-41,audio/mpeg,26886
0d70ec3180295543153ac16d2bd9abec,EAEA0-7FF1-D1A4-9B1B-0/72_40.mp3,Sound file of APiCS example 72-40,audio/mpeg,26630
9b433ca4d84df5243b3c46b75dd9077c,EAEA0-10A8-8D9C-BBB9-0/72_46.mp3,Sound file of APiCS example 72-46,audio/mpeg,42173
80210fad978d4196cea2318e9e52de48,EAEA0-7B07-3251-9A05-0/72_47.mp3,Sound file of APiCS example 72-47,audio/mpeg,40766
4d15db01b2d92ea9fd2a3dbebef64896,EAEA0-D851-0EDF-A95A-0/72_49.mp3,Sound file of APiCS example 72-49,audio/mpeg,44515
0a947502945a406d54c7451a1d8a27f3,EAEA0-6BEC-91F4-D73F-0/72_50.mp3,Sound file of APiCS example 72-50,audio/mpeg,25219
fd720bea6e66a6c2bf2d31f630c0a173,EAEA0-5EE1-C0F6-EAF1-0/72_51.mp3,Sound file of APiCS example 72-51,audio/mpeg,57028
40c18821a05178b2d1048a23c724047b,EAEA0-F0D3-5F5E-BF03-0/72_52.mp3,Sound file of APiCS example 72-52,audio/mpeg,57242
988c773e0934a4cc5383c8d646b72e58,EAEA0-DB71-C3D3-6C42-0/72_54.mp3,Sound file of APiCS example 72-54,audio/mpeg,70648
c6b41b35819e9c93f49c88cb0eac0bcb,EAEA0-BC2B-3054-B489-0/72_55.mp3,Sound file of APiCS example 72-55,audio/mpeg,46293
2cd5c13b61fd2957e8787dc9b30c3a0a,EAEA0-32C4-352B-4F66-0/72_56.mp3,Sound file of APiCS example 72-56,audio/mpeg,46318
89780314b7c3985e9f699283de9667f0,EAEA0-42CC-D08E-3915-0/72_57.mp3,Sound file of APiCS example 72-57,audio/mpeg,54424
99e89e7131c6b3cc0dbb6ba5b4c33604,EAEA0-2521-2D32-F148-0/72_59.mp3,Sound file of APiCS example 72-59,audio/mpeg,40035
857821853f3c5238b2eb1545cbb27d1f,EAEA0-B069-A8E4-3D26-0/72_60.mp3,Sound file of APiCS example 72-60,audio/mpeg,20893
35a225cb5425afb3e5c3639bd6a63163,EAEA0-D22A-2037-43B9-0/72_61.mp3,Sound file of APiCS example 72-61,audio/mpeg,38520
80a1e7dbc811ea771e21c3501b6b22f9,EAEA0-8A06-FA1D-7900-0/72_63.mp3,Sound file of APiCS example 72-63,audio/mpeg,48040
f2468f28aad6635303c35e78ab96d6fd,EAEA0-D49C-6B98-54E5-0/72_65.mp3,Sound file of APiCS example 72-65,audio/mpeg,30489
0b38ba6cb60ff0cb1f22593e5b4e13e5,EAEA0-9175-318E-0D12-0/72_66.mp3,Sound file of APiCS example 72-66,audio/mpeg,28740
4dd7a3a337b716dda2954ca9476cc4ea,EAEA0-6B7E-67CE-EBC0-0/72_67.mp3,Sound file of APiCS example 72-67,audio/mpeg,42901
0f6a7ac5d354ee28d610813dd0de0866,EAEA0-2CD8-F16A-8A11-0/72_68.mp3,Sound file of APiCS example 72-68,audio/mpeg,39508
8590141a6c943ad0528737c49cb8e8a0,EAEA0-21F5-B649-704C-0/72_69.mp3,Sound file of APiCS example 72-69,audio/mpeg,93281
cd2f8e3fb3735d7c9b63a8780639bbb1,EAEA0-F703-C5B6-27B9-0/72_71.mp3,Sound file of APiCS example 72-71,audio/mpeg,37372
d74b8437476a636cd4eb4e196a886201,EAEA0-2357-7D42-BDF0-0/72_73.mp3,Sound file of APiCS example 72-73,audio/mpeg,41649
b9142df1e3cb912d383029c2a36338c9,EAEA0-2620-AC67-64E7-0/35_100.mp3,Sound file of APiCS example 35-100,audio/mpeg,145635
b63438be2e35434c5769c3acac9234b0,EAEA0-910A-B37C-4A4C-0/72_72.mp3,Sound file of APiCS example 72-72,audio/mpeg,27617
d048c2983a4cb421c9046412f0eb7381,EAEA0-C298-E555-C6DB-0/72_75.mp3,Sound file of APiCS example 72-75,audio/mpeg,30332
3fd2aee1f02ddc56ef207b710b516a58,EAEA0-F587-8D57-63AA-0/72_76.mp3,Sound file of APiCS example 72-76,audio/mpeg,65479
67d42e8969313ffa25f0074f28909ecf,EAEA0-46B5-FDB0-FDA2-0/72_78.mp3,Sound file of APiCS example 72-78,audio/mpeg,37009
b10ff573c2191ef52c6f8dcaa61ad88f,EAEA0-4A1C-4F75-12C8-0/72_79.mp3,Sound file of APiCS example 72-79,audio/mpeg,63706
f8fc173846a466b5f5a3080ff1679d91,EAEA0-069F-29D5-FBB8-0/72_149.mp3,Sound file of APiCS example 72-149,audio/mpeg,34869
3531f2780afee8d6a553e391514278fe,EAEA0-1229-A05B-FDE9-0/72_171.mp3,Sound file of APiCS example 72-171,audio/mpeg,47126
f26e74c7f919160d4ef22029d0518b38,EAEA0-1E70-0DAF-817A-0/72_84.mp3,Sound file of APiCS example 72-84,audio/mpeg,26817
488b45af2b8ce6da302686d5f6b84fb4,EAEA0-DAB3-B74D-088D-0/72_85.mp3,Sound file of APiCS example 72-85,audio/mpeg,38568
3b26285dcd76f9e9a98d3868cf33afa3,EAEA0-6BF9-29D4-B19D-0/72_86.mp3,Sound file of APiCS example 72-86,audio/mpeg,5472256
26eabbba7ea23c222e2705cce2753ea1,EAEA0-CE2E-1399-D1CC-0/72_88.mp3,Sound file of APiCS example 72-88,audio/mpeg,19718
24ed190995ce17c468a14c6744036ca3,EAEA0-0BC3-BAD2-3AD2-0/72_80.mp3,Sound file of APiCS example 72-80,audio/mpeg,27617
a4a59eea0c3210f13363fbb03cdcd0ba,EAEA0-3A3A-5DED-897B-0/72_89.mp3,Sound file of APiCS example 72-89,audio/mpeg,50778
3607fea4ba0aa7957bd4ca243368e362,EAEA0-9C16-E26E-95BB-0/72_94.mp3,Sound file of APiCS example 72-94,audio/mpeg,32678
2ced8c932b8bd320e2d7cec91c3a2903,EAEA0-01BC-C33E-0726-0/72_95.mp3,Sound file of APiCS example 72-95,audio/mpeg,27255
55bec730159f59a35c2e56d109eee733,EAEA0-9800-7D02-6B17-0/72_96.mp3,Sound file of APiCS example 72-96,audio/mpeg,21257
62c66d296450f549b4feead12fd2a840,EAEA0-3706-63C2-8EA5-0/72_98.mp3,Sound file of APiCS example 72-98,audio/mpeg,23291
03a7376dd2d7113759de5e4390fb7076,EAEA0-AA07-3120-F192-0/72_99.mp3,Sound file of APiCS example 72-99,audio/mpeg,40863
fee431716523074a9cba83d6f7e7ebc1,EAEA0-F04A-1525-E202-0/72_102.mp3,Sound file of APiCS example 72-102,audio/mpeg,26000
9300c524b216fad53a9fc320b776304f,EAEA0-B455-7D85-D7DF-0/72_103.mp3,Sound file of APiCS example 72-103,audio/mpeg,60059
1e6eee5c25410c4670545db73c6e8bdb,EAEA0-875F-17BE-B4A5-0/72_104.mp3,Sound file of APiCS example 72-104,audio/mpeg,43706
21f5200b840b1998d5cb76caac460e29,EAEA0-F905-3ADD-AA91-0/72_105.mp3,Sound file of APiCS example 72-105,audio/mpeg,69498
79af8efad47e4710272f38daca059e59,EAEA0-9DBA-CA43-78F1-0/72_106.mp3,Sound file of APiCS example 72-106,audio/mpeg,32573
f49799e265a94971118dedd7935ce61d,EAEA0-5D7E-EAB1-9B70-0/72_109.mp3,Sound file of APiCS example 72-109,audio/mpeg,123267
4c31dc8a2bcd1e339627caf351a5f2d2,EAEA0-B3DF-91C6-BBDD-0/72_112.mp3,Sound file of APiCS example 72-112,audio/mpeg,24963
061199cd0630bb893a8269348cce0072,EAEA0-A3BD-7194-7E18-0/72_113.mp3,Sound file of APiCS example 72-113,audio/mpeg,23502
0500256bd722938c200f08e9bfaa3945,EAEA0-5CC0-9AB9-F22A-0/72_114.mp3,Sound file of APiCS example 72-114,audio/mpeg,27969
b782ce6ffa1c6865a619930cd80c40de,EAEA0-A5EA-BB44-8AED-0/72_115.mp3,Sound file of APiCS example 72-115,audio/mpeg,21985
93d7f0b12391e39f8548b4e3c4e5e3bd,EAEA0-8FCC-3888-676A-0/72_116.mp3,Sound file of APiCS example 72-116,audio/mpeg,44098
c945d1676b3380c222f49a357ba670cc,EAEA0-7418-0007-1C09-0/72_81.mp3,Sound file of APiCS example 72-81,audio/mpeg,48636
be9572a9a389fb4d699d645da6616412,EAEA0-8043-6EAE-7477-0/72_120.mp3,Sound file of APiCS example 72-120,audio/mpeg,36643
5e76d0d4d9084d6e169cb49a9b6c4c34,EAEA0-7FB5-1F8B-7762-0/72_121.mp3,Sound file of APiCS example 72-121,audio/mpeg,25431
293f5a1d2336c471dc36dae1c868a55d,EAEA0-33B8-935A-A031-0/72_125.mp3,Sound file of APiCS example 72-125,audio/mpeg,14010
f6620754df7890fef7016c54cc468cb8,EAEA0-FC11-9C1E-D5CD-0/72_129.mp3,Sound file of APiCS example 72-129,audio/mpeg,78835
56015816eeccfc178ff158655be10fd8,EAEA0-4A62-531D-4141-0/72_136.mp3,Sound file of APiCS example 72-136,audio/mpeg,22875
92d51982d3e7683345f98cd406f1b756,EAEA0-6EF5-D1B7-8C4C-0/72_137.mp3,Sound file of APiCS example 72-137,audio/mpeg,60057
1ebe622b2f3fb05cb3141fd237da2353,EAEA0-6A4D-5E19-1000-0/72_138.mp3,Sound file of APiCS example 72-138,audio/mpeg,22144
8397fc7f2a30a7d6f83b3c757ccaf5e5,EAEA0-0EC6-7F77-7C0F-0/72_139.mp3,Sound file of APiCS example 72-139,audio/mpeg,18283
315cdcbfa1d9e951ba0ea6e838db34ab,EAEA0-5831-BDC8-5BC1-0/72_144.mp3,Sound file of APiCS example 72-144,audio/mpeg,50878
7e6d3ea7227b35823d4bc54e9fd535cd,EAEA0-3245-E2F6-EB02-0/72_145.mp3,Sound file of APiCS example 72-145,audio/mpeg,55734
d933f9f530fb253f860a4a713e577a22,EAEA0-272F-180B-29EC-0/72_146.mp3,Sound file of APiCS example 72-146,audio/mpeg,27355
ec7ef9c59ba5ff8e654f97fa70b89ce3,EAEA0-643F-29BD-6A88-0/72_148.mp3,Sound file of APiCS example 72-148,audio/mpeg,24700
5c7c3fbcdb2342b8e917460ce033c3b3,EAEA0-2447-D626-3F47-0/72_150.mp3,Sound file of APiCS example 72-150,audio/mpeg,20970
bd3f27b94731a6e990fc140cd54a6c3b,EAEA0-C7B8-E297-0F95-0/72_153.mp3,Sound file of APiCS example 72-153,audio/mpeg,24802
4c54b2aa02b4534943bc6c8fded60aa2,EAEA0-E4EE-BA1B-986F-0/72_156.mp3,Sound file of APiCS example 72-156,audio/mpeg,35443
8d4c71362d6d5071b9107b8bee642ad2,EAEA0-7C8D-14BA-B2AC-0/72_157.mp3,Sound file of APiCS example 72-157,audio/mpeg,36277
77da7ef46bba93ab8afb10df51b2d17d,EAEA0-33C3-9410-9AB6-0/35_230.mp3,Sound file of APiCS example 35-230,audio/mpeg,134499
03262071d51c5a2f1567dd8242a90225,EAEA0-0044-6BA6-61AF-0/35_231.mp3,Sound file of APiCS example 35-231,audio/mpeg,115107
8d74ac476d41bc3e797d2af9677ef75f,EAEA0-0EC5-7A8B-026C-0/72_158.mp3,Sound file of APiCS example 72-158,audio/mpeg,35703
bf920b55281fe3d74106f21d49ce2f6b,EAEA0-237C-C3F4-20B0-0/35_236.mp3,Sound file of APiCS example 35-236,audio/mpeg,44355
7815005bec2edab0d4bcff4453586725,EAEA0-698F-E85F-B1C9-0/35_237.mp3,Sound file of APiCS example 35-237,audio/mpeg,54723
4a984e96654f45787fb8ef74b47a3202,EAEA0-6C86-FBE4-309D-0/72_160.mp3,Sound file of APiCS example 72-160,audio/mpeg,106085
96e426771c319556afc1877a61a68d80,EAEA0-9A06-0FA3-3115-0/72_161.mp3,Sound file of APiCS example 72-161,audio/mpeg,44776
8a0708bee1a441741059ad965596ec3a,EAEA0-74FC-4647-963C-0/72_162.mp3,Sound file of APiCS example 72-162,audio/mpeg,30279
7721d3f915f19d81791ea0e8d7bc62f6,EAEA0-77F2-9A04-6BA9-0/72_165.mp3,Sound file of APiCS example 72-165,audio/mpeg,20841
af6e83741b07ba6bf2c24bf236afbe52,EAEA0-B959-1134-68BD-0/72_166.mp3,Sound file of APiCS example 72-166,audio/mpeg,28769
bbdba44facd606e0adb2dfc40269689f,EAEA0-42F3-29C8-F0CF-0/72_167.mp3,Sound file of APiCS example 72-167,audio/mpeg,33248
24f730f7add942d2da6456a001056d2f,EAEA0-A791-7238-74C1-0/72_168.mp3,Sound file of APiCS example 72-168,audio/mpeg,25531
2bc687689adfb67cc92c96911c9c9ceb,EAEA0-FCCE-7085-4EF2-0/72_169.mp3,Sound file of APiCS example 72-169,audio/mpeg,48425
7a0c45385ce029d880ec26da6cd2300d,EAEA0-F745-4383-D866-0/72_170.mp3,Sound file of APiCS example 72-170,audio/mpeg,93433
b32cc1588c1a6f94fb7616443e82dd92,EAEA0-7CA6-2A6E-D997-0/35_258.mp3,Sound file of APiCS example 35-258,audio/mpeg,319010
df58cc438942afc20af5c221b9f335c9,EAEA0-AC3D-0993-5C74-0/35_261.mp3,Sound file of APiCS example 35-261,audio/mpeg,113954
54902276b26224599f8c5acf3855f633,EAEA0-066E-6B26-55E6-0/72_70.mp3,Sound file of APiCS example 72-70,audio/mpeg,43317
f11b7864f39178fead37e4cbe19a2608,EAEA0-65E7-6B27-CE91-0/35_262.mp3,Sound file of APiCS example 35-262,audio/mpeg,120051
ee104f951617a6f4234d4db5197d1e6b,EAEA0-09B3-8B85-1993-0/35_263.mp3,Sound file of APiCS example 35-263,audio/mpeg,121059
bdd683831e6b6a4c9a51cb6555f226a8,EAEA0-2252-D86E-C0EB-0/35_264.mp3,Sound file of APiCS example 35-264,audio/mpeg,103203
8b9532c3d270100c8e38dc9410873671,EAEA0-9DBC-4C82-7FB7-0/35_265.mp3,Sound file of APiCS example 35-265,audio/mpeg,161187
2d39900f933f0328173ffffa283a6a10,EAEA0-7592-853A-301D-0/36_163.mp3,Sound file of APiCS example 36-163,audio/mpeg,26338
4218075f4c857d91399077957d94dc81,EAEA0-2279-47F9-8802-0/36_164.mp3,Sound file of APiCS example 36-164,audio/mpeg,25449
14c37cbb6fd26e8e6b2fc3cb43846343,EAEA0-47E4-6ED3-093B-0/36_165.mp3,Sound file of APiCS example 36-165,audio/mpeg,25922
a944fc85037b3eda318a064344e2d502,EAEA0-8992-54C5-BF0A-0/36_166.mp3,Sound file of APiCS example 36-166,audio/mpeg,24304
648bbb07447aabbc17b42e856e218f05,EAEA0-D649-C0AD-D139-0/37_205.mp3,Sound file of APiCS example 37-205,audio/mpeg,7497
b235b376ae28fe1374c735718a49aa87,EAEA0-40E1-BA62-E02D-0/37_206.mp3,Sound file of APiCS example 37-206,audio/mpeg,7863
a5d3c2c3cbddecede1238f268e438607,EAEA0-837B-2863-5A13-0/37_207.mp3,Sound file of APiCS example 37-207,audio/mpeg,13001
331b343c57d5fc63a604fb161d8e2b2d,EAEA0-29B5-D160-EE25-0/37_208.mp3,Sound file of APiCS example 37-208,audio/mpeg,8411
2a242024123a4295a342da833ddf3f46,EAEA0-1F90-6D8C-32D9-0/72_134.mp3,Sound file of APiCS example 72-134,audio/mpeg,46527
9aebb334fe7ab89fd6d091e1f47c320c,EAEA0-5C2C-EC2E-3D81-0/37_248.mp3,Sound file of APiCS example 37-248,audio/mpeg,6601
b1747b8ccaad662271985bb1a049a1e9,EAEA0-7B65-1B87-E568-0/35_270.mp3,Sound file of APiCS example 35-270,audio/mpeg,1260544
94fb1c5846be4c68b9cf66c817301aca,EAEA0-70E3-9E18-ADBB-0/35_271.mp3,Sound file of APiCS example 35-271,audio/mpeg,103298
534c116fad85f7cfef20b4483b1f64eb,EAEA0-BCE5-E301-C0FA-0/35_272.mp3,Sound file of APiCS example 35-272,audio/mpeg,1297408
e588fcef07c48accc64ecfc353cbd94f,EAEA0-D273-2E30-A57F-0/35_273.mp3,Sound file of APiCS example 35-273,audio/mpeg,107042
37e0aced3868e97462f741e3ab05ab74,EAEA0-2D77-4448-187F-0/35_274.mp3,Sound file of APiCS example 35-274,audio/mpeg,120386
074a5078bc5fa107ba261570435cd24b,EAEA0-061D-A4C2-4443-0/35_275.mp3,Sound file of APiCS example 35-275,audio/mpeg,108386
7450303769743782592293771625e1d1,EAEA0-1A77-9CA0-9350-0/35_276.mp3,Sound file of APiCS example 35-276,audio/mpeg,1512448
3bcdcd78a9d1173ae4c6681af94f22e5,EAEA0-843F-87AB-CEED-0/35_277.mp3,Sound file of APiCS example 35-277,audio/mpeg,1266688
60c1345a65c57ff896d8e13e67708cca,EAEA0-AEA3-B1A2-7A86-0/35_278.mp3,Sound file of APiCS example 35-278,audio/mpeg,103874
85c07687b37d6123532e58384c21c230,EAEA0-A242-C970-D31B-0/35_279.mp3,Sound file of APiCS example 35-279,audio/mpeg,1254400
f26e106517c3341378336fe7b2327848,EAEA0-7F6F-642B-9FE4-0/35_280.mp3,Sound file of APiCS example 35-280,audio/mpeg,1125376
338b5fd0a8bb48ec1dc7f40991bfa912,EAEA0-AA01-C575-5368-0/35_281.mp3,Sound file of APiCS example 35-281,audio/mpeg,1063936
4f513cb964fe4892c7a07217da498507,EAEA0-E160-65A5-8C94-0/35_282.mp3,Sound file of APiCS example 35-282,audio/mpeg,114338
9736afef8e29fbce88aa1136a343d0d0,EAEA0-8C88-97A2-1DD4-0/35_283.mp3,Sound file of APiCS example 35-283,audio/mpeg,105794
159d4d70f3b0952c6b414004acd67db3,EAEA0-7B8D-AE61-115A-0/35_284.mp3,Sound file of APiCS example 35-284,audio/mpeg,1014784
c0747c6e5b869aa970e56c04d460ba91,EAEA0-8B72-8755-807F-0/35_285.mp3,Sound file of APiCS example 35-285,audio/mpeg,1180672
0fb84946c90e738dd77d6588ff2bab6c,EAEA0-289F-0571-2279-0/35_286.mp3,Sound file of APiCS example 35-286,audio/mpeg,762880
ed81ab293a6878309732bd4922ec87f9,EAEA0-1D48-AAF9-7426-0/35_287.mp3,Sound file of APiCS example 35-287,audio/mpeg,1358848
25897e7ac2a6f258545330ffb719e8d7,EAEA0-CA08-195F-58EA-0/35_288.mp3,Sound file of APiCS example 35-288,audio/mpeg,132578
440efadd2ae54a7fad25c9e5bd5dde70,EAEA0-982A-72C2-648A-0/35_289.mp3,Sound file of APiCS example 35-289,audio/mpeg,108578
bbd01e96d7c8398ac60bcfa39fa7774a,EAEA0-3CBC-B629-157B-0/35_290.mp3,Sound file of APiCS example 35-290,audio/mpeg,125569
30350a21c9c7e6c8cdf75774097b4541,EAEA0-669A-AE94-D238-0/35_291.mp3,Sound file of APiCS example 35-291,audio/mpeg,1205248
e3296a37f02efde7ebd9b95b8a6fdb0e,EAEA0-4D42-F53B-5312-0/35_292.mp3,Sound file of APiCS example 35-292,audio/mpeg,1745920
9f771954c75497761e94d2e9dc9a8e91,EAEA0-5C72-890E-8130-0/35_293.mp3,Sound file of APiCS example 35-293,audio/mpeg,1604608
599334b9ede5029b3ae44c834f8b9292,EAEA0-6969-3C9C-2AC9-0/35_294.mp3,Sound file of APiCS example 35-294,audio/mpeg,85249
73cba98f3a09e94ee5c82cd839bbf13c,EAEA0-68C6-B358-581F-0/35_295.mp3,Sound file of APiCS example 35-295,audio/mpeg,136316
7fe81d250bfc416472993d89a81df113,EAEA0-DE8F-DE39-DBE9-0/35_296.mp3,Sound file of APiCS example 35-296,audio/mpeg,965632
e35d8029eab6a0cd3212530482328b61,EAEA0-1ED0-FCD0-EBB0-0/35_297.mp3,Sound file of APiCS example 35-297,audio/mpeg,1684480
c29b2423139d99dd920b1b19949a2572,EAEA0-FA85-8BBB-2538-0/35_298.mp3,Sound file of APiCS example 35-298,audio/mpeg,2176000
43d1ad90f1bff9d47c8766d4dce374ef,EAEA0-5FA9-1AE2-0BB7-0/35_299.mp3,Sound file of APiCS example 35-299,audio/mpeg,109826
171b46b1293aa918dd9615090dbeade9,EAEA0-72D7-1555-6287-0/35_300.mp3,Sound file of APiCS example 35-300,audio/mpeg,97922
0eab3b3ea0746c1fbb7916963010c841,EAEA0-E98D-6BD7-8F78-0/35_301.mp3,Sound file of APiCS example 35-301,audio/mpeg,82748
350140d75e178b9a2c3ac44b4bcb8523,EAEA0-2B98-94B7-A19D-0/35_303.mp3,Sound file of APiCS example 35-303,audio/mpeg,134114
1b99a41f40e5fb0842fc092aee99fc11,EAEA0-9D05-735A-EB57-0/35_304.mp3,Sound file of APiCS example 35-304,audio/mpeg,98161
ef1af1d390b28f62b402787f7db8794c,EAEA0-1916-0195-8DC7-0/35_305.mp3,Sound file of APiCS example 35-305,audio/mpeg,1211392
d25868b0ab1eb6f5cf608ab5d021df36,EAEA0-A06C-29B8-A0F3-0/50_246.mp3,Sound file of APiCS example 50-246,audio/mpeg,695852
3867a0e40d10c536603f418b7f3f70b5,EAEA0-5778-98F3-A45A-0/51_199.mp3,Sound file of APiCS example 51-199,audio/mpeg,86368
1b41013f2c396988e8160d445550a891,EAEA0-373B-4AD9-E7AF-0/51_200.mp3,Sound file of APiCS example 51-200,audio/mpeg,451628
3a1342ea7acf9cf8d0bb98b852b6c55d,EAEA0-AD4F-F4F7-D1D2-0/51_201.mp3,Sound file of APiCS example 51-201,audio/mpeg,139264
0be185821e41f820f1cd5866b3712c62,EAEA0-A3AC-2404-E770-0/51_202.mp3,Sound file of APiCS example 51-202,audio/mpeg,423980
f34c69012fa725236fc219cf4c9e3e05,EAEA0-5AAB-6349-E0BD-0/51_203.mp3,Sound file of APiCS example 51-203,audio/mpeg,100356
33fa71e1cb5d770d7737db752c619b94,EAEA0-E33C-4B0C-7492-0/51_204.mp3,Sound file of APiCS example 51-204,audio/mpeg,111525
a906eb673e52fedf68fd755e1d134fc1,EAEA0-9F51-6A5A-8F1C-0/51_205.mp3,Sound file of APiCS example 51-205,audio/mpeg,24576
6d7a42f75f484f3f5363523513e61538,EAEA0-B38A-3988-8D99-0/51_206.mp3,Sound file of APiCS example 51-206,audio/mpeg,84173
f355a22cb59f5260a3895f4a7ea501f6,EAEA0-6C41-B2A8-6D15-0/51_207.mp3,Sound file of APiCS example 51-207,audio/mpeg,108501
250dc31463566dc096870e5b15232e68,EAEA0-7E8E-5EEA-1F95-0/51_208.mp3,Sound file of APiCS example 51-208,audio/mpeg,456236
7e14fe19360a5144a6ce466768346d65,EAEA0-CB14-3BD6-42B5-0/51_209.mp3,Sound file of APiCS example 51-209,audio/mpeg,94826
196fd7651be6830dd0ef0730d9f32313,EAEA0-14A2-9276-DD1A-0/51_210.mp3,Sound file of APiCS example 51-210,audio/mpeg,83861
3ce4f0111f2191a19770a5c2525beef6,EAEA0-A087-34DC-4A55-0/51_211.mp3,Sound file of APiCS example 51-211,audio/mpeg,396332
6b19402637127d9b409a240c08348180,EAEA0-3823-5313-D772-0/51_212.mp3,Sound file of APiCS example 51-212,audio/mpeg,104322
b725f8771f4c42eb28a968ee986bd1ac,EAEA0-94D8-9919-7C8F-0/51_214.mp3,Sound file of APiCS example 51-214,audio/mpeg,100568
e940d2ef69f46550a568975ccbb775a0,EAEA0-524E-06A4-944E-0/51_215.mp3,Sound file of APiCS example 51-215,audio/mpeg,98682
075c1c35590879e2a417f4819788a217,EAEA0-EF6D-C764-3FE7-0/51_216.mp3,Sound file of APiCS example 51-216,audio/mpeg,95554
5bcb27b17907add7d5942e01d39922db,EAEA0-9106-04DE-CE9F-0/51_217.mp3,Sound file of APiCS example 51-217,audio/mpeg,90024
8d39b9a1eef65f84536b99ee781d6c98,EAEA0-9DAD-1B44-F9B2-0/51_218.mp3,Sound file of APiCS example 51-218,audio/mpeg,112051
d7bc136f414647df8809184f5b294f66,EAEA0-FD8D-1F10-64ED-0/51_219.mp3,Sound file of APiCS example 51-219,audio/mpeg,557612
5ab14f4481c4cb37d6a5e033083aaf71,EAEA0-3C99-A884-4D7D-0/51_220.mp3,Sound file of APiCS example 51-220,audio/mpeg,121027
f52a6c2c4819d55cc007096426f878b5,EAEA0-2E5F-CB60-0FC0-0/51_221.mp3,Sound file of APiCS example 51-221,audio/mpeg,97020
976845808eefeae88ace6b6f2e5a06da,EAEA0-DC74-4D84-DC5E-0/51_222.mp3,Sound file of APiCS example 51-222,audio/mpeg,97436
bdaf8ea347665cdc215a49a382bdaf40,EAEA0-74A6-C065-9A75-0/51_223.mp3,Sound file of APiCS example 51-223,audio/mpeg,502316
e210716ff36091886127d2e4327d3654,EAEA0-9BDD-3859-93E4-0/51_224.mp3,Sound file of APiCS example 51-224,audio/mpeg,488492
4690a6a810d1d22c3c66d042eb35671a,EAEA0-6EF5-1C94-E596-0/51_225.mp3,Sound file of APiCS example 51-225,audio/mpeg,511532
cd30591d22e03c65498bc22bf0561396,EAEA0-1B18-AD89-7D6E-0/51_226.mp3,Sound file of APiCS example 51-226,audio/mpeg,571436
6bac98226f74282ba135a076cd67c701,EAEA0-D51D-F22B-6B7E-0/51_227.mp3,Sound file of APiCS example 51-227,audio/mpeg,400940
5cb000cc8720b69bad9c77587439090b,EAEA0-9F5A-DB25-7293-0/51_228.mp3,Sound file of APiCS example 51-228,audio/mpeg,502316
f71a39185e2a3577860232ac5a43e30c,EAEA0-E54E-F32F-8612-0/51_229.mp3,Sound file of APiCS example 51-229,audio/mpeg,110168
7938d8366e800b139db637f2c65a6d3f,EAEA0-D440-2589-5053-0/51_230.mp3,Sound file of APiCS example 51-230,audio/mpeg,529964
3a0aaa5f2ee13881b3a5fd19b7c80e94,EAEA0-B413-8B91-8171-0/51_231.mp3,Sound file of APiCS example 51-231,audio/mpeg,447020
6310f0b0bbf70adf1d09489d346fe1aa,EAEA0-6D47-71C7-3F55-0/51_232.mp3,Sound file of APiCS example 51-232,audio/mpeg,516140
8759571305dc54bd809997f829bc71c5,EAEA0-6016-9696-A1FE-0/51_233.mp3,Sound file of APiCS example 51-233,audio/mpeg,94719
323177bd76a6378ff321c7cee66f38d7,EAEA0-48E7-AFA8-109A-0/51_234.mp3,Sound file of APiCS example 51-234,audio/mpeg,94615
cc9a0fded6a87ebbac4ec8f8b61de5d7,EAEA0-DF10-DC71-8617-0/51_235.mp3,Sound file of APiCS example 51-235,audio/mpeg,428588
